{
  "id": "java",
  "name": "Java",
  "schema": {
    "java.gen": {
      "text": "Java Code Generation",
      "type": "section"
    },
    "java.gen.javaDoc": {
      "text": "JavaDoc",
      "description": "Generate JavaDoc comments.",
      "type": "check",
      "default": true
    },
    "java.gen.useTab": {
      "text": "Use Tab",
      "description": "Use Tab for indentation instead of spaces.",
      "type": "check",
      "default": false
    },
    "java.gen.indentSpaces": {
      "text": "Indent Spaces",
      "description": "Number of spaces for indentation.",
      "type": "number",
      "default": 4
    },
    "java.rev": {
      "text": "Java Reverse Engineering",
      "type": "section"
    },
    "java.rev.association": {
      "text": "Use Association",
      "description": "Reverse Java Fields as UML Associations.",
      "type": "check",
      "default": true
    },
    "java.rev.publicOnly": {
      "text": "Public Only",
      "description": "Reverse public members only.",
      "type": "check",
      "default": false
    },
    "java.rev.typeHierarchy": {
      "text": "Type Hierarchy Diagram",
      "description": "Create a type hierarchy diagram for all classes and interfaces",
      "type": "check",
      "default": true
    },
    "java.rev.packageOverview": {
      "text": "Package Overview Diagram",
      "description": "Create overview diagram for each package",
      "type": "check",
      "default": true
    },
    "java.rev.packageStructure": {
      "text": "Package Structure Diagram",
      "description": "Create a package structure diagram for all packages",
      "type": "check",
      "default": true
    }
  }
}
